Dataset Name,Accuracy
Beef,0.8
Car,0.8166666666666667
CBF,0.8922222222222222
Coffee,1.0
