Dataset Name,Accuracy
Beef,0.6333333333333333
Car,0.8
CBF,0.9933333333333333
Coffee,1.0
DiatomSizeReduction,0.9444444444444444
