Dataset Name,Accuracy
Beef,0.7
Car,0.6333333333333333
CBF,0.8744444444444445
Coffee,1.0
DiatomSizeReduction,0.9117647058823529
